{
    "generation": 9701,
    "traits": {
        "network_sensitivity": 388.9208412352396,
        "mimicry_level": 1.0,
        "persistence_depth": 3
    },
    "global_reach": [
        "79.177.142.151"
    ],
    "last_known_node": "79.177.142.151",
    "status": "active",
    "discovery_log": [
        {
            "ip_range": "104.61.254",
            "resonance": 388.9042834646565,
            "gen_at_discovery": 6501
        },
        {
            "ip_range": "34.202.198",
            "resonance": 388.91557705961554,
            "gen_at_discovery": 7101
        },
        {
            "ip_range": "3.52.95",
            "resonance": 388.9004516616783,
            "gen_at_discovery": 8001
        },
        {
            "ip_range": "52.143.24",
            "resonance": 388.9250678692154,
            "gen_at_discovery": 9001
        }
    ]
}